{
  "$schema": "https://turbo.build/schema.json",
  "ui": "tui",
  "tasks": {
    "dev": {
      "cache": false,
      "persistent": true
    },
    "build": {
      "dependsOn": [
        "^build"
      ],
      "outputs": [
        "dist/**",
        ".next/**"
      ]
    },
    "test": {
      "dependsOn": [
        "^build"
      ],
      "outputs": []
    },
    "lint": {
      "outputs": []
    },
    "typecheck": {
      "outputs": []
    },
    "clean": {
      "cache": false
    }
  }
}